{
    "nose": [
        21.659348770669567,
        201.9571852019767
    ],
    "left_ear": [
        140.92800399864308,
        213.7160667033262
    ],
    "right_ear": [
        103.97151928011608,
        301.0677578562082
    ],
    "left_ear_tip": [
        177.8844887171701,
        185.15878305719173
    ],
    "right_ear_tip": [
        119.09008121042258,
        356.5024849339987
    ],
    "left_eye": [
        92.21263777876659,
        196.91766455854122
    ],
    "right_eye": [
        65.33519434711059,
        274.19031442455224
    ],
    "neck": [
        194.68289086195512,
        279.2298350679877
    ],
    "mid_back": [
        251.7974581542241,
        265.7911133521597
    ],
    "mouse_center": [
        298.83298415962213,
        252.35239163633167
    ],
    "mid_backend": [
        344.1886699505416,
        235.5539894915467
    ],
    "mid_backend2": [
        404.6629176717676,
        215.39590691780472
    ],
    "mid_backend3": [
        460.0976447495581,
        195.2378243440627
    ],
    "tail_base": [
        518.8920522563056,
        166.68054069792822
    ],
    "tail1": [
        592.8050216933597,
        144.8426179097077
    ],
    "tail2": [
        665.0381509159353,
        129.72405597940121
    ],
    "tail3": [
        732.2317594950753,
        148.20229833866472
    ],
    "tail4": [
        777.5874452859947,
        173.39990155584218
    ],
    "tail5": [
        836.3818527927423,
        185.15878305719173
    ],
    "left_shoulder": [
        214.8409734356971,
        193.5579841295842
    ],
    "left_midside": [
        288.7539428727511,
        166.68054069792822
    ],
    "left_hip": [
        374.4257938111546,
        87.72805061743867
    ],
    "right_shoulder": [
        213.16113322121862,
        351.4629642905632
    ],
    "right_midside": [
        335.78946887814914,
        332.9847219312997
    ],
    "right_hip": [
        510.49285118391316,
        264.11127313768117
    ],
    "tail_end": [
        883.4173787981402,
        173.39990155584218
    ],
    "head_midpoint": [
        117.41024099594408,
        252.35239163633167
    ]
}