{
    "nose": [
        155.19781918649664,
        458.4043683559347
    ],
    "upper_jaw": [
        97.40751997750615,
        458.4043683559347
    ],
    "lower_jaw": [
        35.585339428353535,
        457.06040790921395
    ],
    "mouth_end_right": [
        79.93603417013694,
        551.1376391796636
    ],
    "mouth_end_left": [
        81.27999461685764,
        376.42278110597147
    ],
    "right_eye": [
        223.7398019692528,
        518.8825884583666
    ],
    "right_earbase": [
        289.5938638585676,
        555.1695205198257
    ],
    "right_earend": [
        332.60059815363024,
        630.4313055361854
    ],
    "right_antler_base": [
        321.8489145798645,
        489.315458630511
    ],
    "right_antler_end": [
        364.8556488749273,
        513.5067466714837
    ],
    "left_eye": [
        225.08376241597355,
        407.33387138054775
    ],
    "left_earbase": [
        290.93782430528825,
        373.73486021252995
    ],
    "left_earend": [
        332.60059815363024,
        302.50495653633243
    ],
    "left_antler_base": [
        320.5049541331439,
        430.1811989747998
    ],
    "left_antler_end": [
        362.1677279814859,
        405.989910933827
    ],
    "neck_base": [
        413.23822495687284,
        458.4043683559347
    ],
    "neck_end": [
        505.9714957806017,
        458.4043683559347
    ],
    "throat_base": [
        472.372484612584,
        275.62574760191825
    ],
    "throat_end": [
        503.2835748871603,
        350.887532618278
    ],
    "back_base": [
        583.9212016904029,
        459.74832880265535
    ],
    "back_end": [
        776.1075455714642,
        458.4043683559347
    ],
    "back_middle": [
        718.3172463624737,
        458.4043683559347
    ],
    "tail_base": [
        831.2099238870134,
        457.06040790921395
    ],
    "tail_end": [
        933.3509178377872,
        459.74832880265535
    ],
    "front_left_thai": [
        582.5772412436821,
        324.00832368386375
    ],
    "front_left_knee": [
        579.8893203502407,
        244.7146573273419
    ],
    "front_left_paw": [
        581.2332807969614,
        160.04514918393727
    ],
    "front_right_thai": [
        581.2332807969614,
        590.1124921345641
    ],
    "front_right_knee": [
        581.2332807969614,
        672.0940793845274
    ],
    "front_right_paw": [
        582.5772412436821,
        755.4196270812114
    ],
    "back_left_paw": [
        829.8659634402926,
        161.38910963065797
    ],
    "back_left_thai": [
        831.2099238870134,
        334.76000725762947
    ],
    "back_right_thai": [
        831.2099238870134,
        582.04872945424
    ],
    "back_left_knee": [
        829.8659634402926,
        247.40257822078337
    ],
    "back_right_knee": [
        829.8659634402926,
        668.0621980443653
    ],
    "back_right_paw": [
        831.2099238870134,
        756.7635875279321
    ],
    "belly_bottom": [
        782.8273478050678,
        537.6980347124565
    ],
    "body_middle_right": [
        710.2534836821495,
        561.8893227534293
    ],
    "body_middle_left": [
        707.5655627887081,
        375.0788206592507
    ]
}